<?xml version="1.0" encoding="UTF-8"?>
<module type="JAVA_MODULE" version="4">
  <component name="FacetManager">
    <facet type="android" name="Android">
      <configuration>
        <option name="LIBRARY_PROJECT" value="true" />
      </configuration>
    </facet>
  </component>
  <component name="NewModuleRootManager" inherit-compiler-output="true">
    <exclude-output />
    <content url="file://$MODULE_DIR$">
      <sourceFolder url="file://$MODULE_DIR$/gen" isTestSource="false" />
      <sourceFolder url="file://$MODULE_DIR$/src" isTestSource="false" />
    </content>
    <orderEntry type="inheritedJdk" />
    <orderEntry type="sourceFolder" forTests="false" />
  </component>
</module>

