<?xml version="1.0" encoding="UTF-8"?>
<classpath>
	<classpathentry kind="con" path="com.android.ide.eclipse.adt.ANDROID_FRAMEWORK"/>
	<classpathentry exported="true" kind="con" path="com.android.ide.eclipse.adt.LIBRARIES"/>
	<classpathentry exported="true" kind="con" path="com.android.ide.eclipse.adt.DEPENDENCIES"/>
	<classpathentry kind="src" path="src"/>
	<classpathentry kind="src" path="gen"/>
	<classpathentry exported="true" kind="lib" path="/home/charan/android-sdks/extras/android/support/v7/appcompat/libs/android-support-v7-appcompat.jar"/>
	<classpathentry exported="true" kind="lib" path="/home/charan/android-sdks/extras/android/support/v7/appcompat/libs/android-support-v4.jar"/>
	<classpathentry exported="true" kind="lib" path="/home/charan/android-sdks/extras/android/support/v7/gridlayout/libs/android-support-v7-gridlayout.jar"/>
	<classpathentry exported="true" kind="lib" path="/home/charan/android-sdks/extras/android/support/v7/mediarouter/libs/android-support-v7-mediarouter.jar"/>
	<classpathentry exported="true" kind="lib" path="/home/charan/android-sdks/extras/android/support/v7/palette/libs/android-support-v7-palette.jar"/>
	<classpathentry exported="true" kind="lib" path="/home/charan/workspace4/MainActivity/libs/jsoup-1.8.1.jar"/>
	<classpathentry kind="output" path="bin/classes"/>
</classpath>
