<?xml version="1.0" encoding="UTF-8"?>
<module type="JAVA_MODULE" version="4">
  <component name="FacetManager">
    <facet type="android" name="Android">
      <configuration>
        <option name="UPDATE_PROPERTY_FILES" value="true" />
      </configuration>
    </facet>
  </component>
  <component name="NewModuleRootManager" inherit-compiler-output="true">
    <exclude-output />
    <content url="file://$MODULE_DIR$">
      <sourceFolder url="file://$MODULE_DIR$/src" isTestSource="false" />
      <sourceFolder url="file://$MODULE_DIR$/gen" isTestSource="false" />
    </content>
    <orderEntry type="inheritedJdk" />
    <orderEntry type="module-library" exported="">
      <library>
        <CLASSES>
          <root url="jar://$MODULE_DIR$/../google-play-services_lib/libs/google-play-services.jar!/" />
        </CLASSES>
        <JAVADOC />
        <SOURCES />
      </library>
    </orderEntry>
    <orderEntry type="sourceFolder" forTests="false" />
    <orderEntry type="module" module-name="google-play-services_lib" />
    <orderEntry type="library" name="android-support-v4" level="project" />
  </component>
</module>

